dataset,model_short,model_label,expected_n,result_file_status,complete_dataset_run,sample_index,prediction_raw,prediction,ground_truth,correct_strict,correct_relaxed,prompt_tokens,completion_tokens,reasoning_tokens,total_tokens
VQA-RAD-no-cot,gemini35flash,Gemini 3.5 Flash,100,complete,False,3,<answer>Yes</answer>,Yes,No,False,False,59,7,0,314
VQA-RAD-no-cot,gemini35flash,Gemini 3.5 Flash,100,complete,False,6,<answer>No</answer>,No,No,True,True,62,7,0,811
VQA-RAD-no-cot,gemini35flash,Gemini 3.5 Flash,100,complete,False,7,<answer>Yes</answer>,Yes,yes,True,True,62,7,0,491
VQA-RAD-no-cot,gemini35flash,Gemini 3.5 Flash,100,complete,False,8,<answer>Yes</answer>,Yes,yes,True,True,59,7,0,300
VQA-RAD-no-cot,gemini35flash,Gemini 3.5 Flash,100,complete,False,19,<answer>Left</answer>,Left,Right,False,False,54,7,0,878
VQA-RAD-no-cot,gemini35flash,Gemini 3.5 Flash,100,complete,False,25,<answer>No</answer>,No,Yes,False,False,58,7,0,412
VQA-RAD-no-cot,gemini35flash,Gemini 3.5 Flash,100,complete,False,30,<answer>FLAIR (Fluid-Attenuated Inversion Recovery)</answer>,FLAIR (Fluid-Attenuated Inversion Recovery),T2 weighted MRI,False,False,58,17,0,718
VQA-RAD-no-cot,gemini35flash,Gemini 3.5 Flash,100,complete,False,38,<answer>Yes</answer>,Yes,yes,True,True,57,7,0,364
VQA-RAD-no-cot,gemini35flash,Gemini 3.5 Flash,100,complete,False,42,<answer>Yes</answer>,Yes,No,False,False,58,7,0,715
VQA-RAD-no-cot,gemini35flash,Gemini 3.5 Flash,100,complete,False,44,<answer>left</answer>,left,Right,False,False,61,7,0,1081
VQA-RAD-no-cot,gemini35flash,Gemini 3.5 Flash,100,complete,False,45,<answer>right</answer>,right,Both,False,False,71,7,0,974
VQA-RAD-no-cot,gemini35flash,Gemini 3.5 Flash,100,complete,False,46,<answer>Yes</answer>,Yes,No,False,False,61,7,0,545
VQA-RAD-no-cot,gemini35flash,Gemini 3.5 Flash,100,complete,False,48,<answer>unilateral</answer>,unilateral,Bilateral,False,False,62,8,0,623
VQA-RAD-no-cot,gemini35flash,Gemini 3.5 Flash,100,complete,False,51,<answer>Sagittal</answer>,Sagittal,axial,False,False,55,8,0,258
VQA-RAD-no-cot,gemini35flash,Gemini 3.5 Flash,100,complete,False,55,<answer>Yes</answer>,Yes,No,False,False,58,7,0,419
VQA-RAD-no-cot,gemini35flash,Gemini 3.5 Flash,100,complete,False,58,<answer>No</answer>,No,yes,False,False,61,7,0,372
VQA-RAD-no-cot,gemini35flash,Gemini 3.5 Flash,100,complete,False,59,<answer>Hydrocephalus</answer>,Hydrocephalus,Hydrocephalus,True,True,64,8,0,324
VQA-RAD-no-cot,gemini35flash,Gemini 3.5 Flash,100,complete,False,65,<answer>Right lung</answer>,Right lung,Stomach,False,False,57,8,0,777
VQA-RAD-no-cot,gemini35flash,Gemini 3.5 Flash,100,complete,False,77,<answer>Yes</answer>,Yes,No,False,False,60,7,0,444
VQA-RAD-no-cot,gemini35flash,Gemini 3.5 Flash,100,complete,False,84,"<answer>There is a large cystic lesion (mass) in the tail of the pancreas, suggestive of a pancreatic pseudocyst or a cystic neoplasm (such as a mucinous cystic neoplasm).</answer>","There is a large cystic lesion (mass) in the tail of the pancreas, suggestive of a pancreatic pseudocyst or a cystic neoplasm (such as a mucinous cystic neoplasm).",Enlarged,False,False,53,42,0,1503
VQA-RAD-no-cot,gemini35flash,Gemini 3.5 Flash,100,complete,False,85,<answer>Yes</answer>,Yes,No,False,False,61,7,0,696
VQA-RAD-no-cot,gemini35flash,Gemini 3.5 Flash,100,complete,False,86,<answer>It is significantly enlarged (splenomegaly).</answer>,It is significantly enlarged (splenomegaly).,hypodense lesion,False,False,54,15,0,639
VQA-RAD-no-cot,gemini35flash,Gemini 3.5 Flash,100,complete,False,89,<answer>No</answer>,No,no,True,True,58,7,0,542
VQA-RAD-no-cot,gemini35flash,Gemini 3.5 Flash,100,complete,False,91,<answer>Yes</answer>,Yes,No,False,False,57,7,0,561
VQA-RAD-no-cot,gemini35flash,Gemini 3.5 Flash,100,complete,False,94,<answer>No</answer>,No,On the patient's left,False,False,52,7,0,571
VQA-RAD-no-cot,grok43,Grok 4.3,100,complete,False,3,<answer>No</answer>,No,No,True,True,182,1181,0,1363
VQA-RAD-no-cot,grok43,Grok 4.3,100,complete,False,6,<answer>No</answer>,No,No,True,True,186,775,0,961
VQA-RAD-no-cot,grok43,Grok 4.3,100,complete,False,7,<answer>No</answer>,No,yes,False,False,186,1170,0,1356
VQA-RAD-no-cot,grok43,Grok 4.3,100,complete,False,8,<answer>Yes</answer>,Yes,yes,True,True,183,496,0,679
VQA-RAD-no-cot,grok43,Grok 4.3,100,complete,False,19,<answer>left</answer>,left,Right,False,False,179,603,0,782
VQA-RAD-no-cot,grok43,Grok 4.3,100,complete,False,25,<answer>Yes</answer>,Yes,Yes,True,True,182,604,0,786
VQA-RAD-no-cot,grok43,Grok 4.3,100,complete,False,30,<answer>T2-weighted FLAIR</answer>,T2-weighted FLAIR,T2 weighted MRI,False,False,183,808,0,991
VQA-RAD-no-cot,grok43,Grok 4.3,100,complete,False,38,<answer>No</answer>,No,yes,False,False,181,711,0,892
VQA-RAD-no-cot,grok43,Grok 4.3,100,complete,False,42,<answer>No</answer>,No,No,True,True,182,696,0,878
VQA-RAD-no-cot,grok43,Grok 4.3,100,complete,False,44,<answer>cannot determine</answer>,cannot determine,Right,False,False,185,752,0,937
VQA-RAD-no-cot,grok43,Grok 4.3,100,complete,False,45,<answer>both</answer>,both,Both,True,True,194,1041,0,1235
VQA-RAD-no-cot,grok43,Grok 4.3,100,complete,False,46,<answer>No</answer>,No,No,True,True,185,851,0,1036
VQA-RAD-no-cot,grok43,Grok 4.3,100,complete,False,48,<answer>bilateral</answer>,bilateral,Bilateral,True,True,185,517,0,702
VQA-RAD-no-cot,grok43,Grok 4.3,100,complete,False,51,<answer>axial</answer>,axial,axial,True,True,180,771,0,951
VQA-RAD-no-cot,grok43,Grok 4.3,100,complete,False,55,<answer>Yes</answer>,Yes,No,False,False,182,1084,0,1266
VQA-RAD-no-cot,grok43,Grok 4.3,100,complete,False,58,<answer>Yes</answer>,Yes,yes,True,True,185,761,0,946
VQA-RAD-no-cot,grok43,Grok 4.3,100,complete,False,59,<answer>hydrocephalus (ventriculomegaly)</answer>,hydrocephalus (ventriculomegaly),Hydrocephalus,False,True,188,434,0,622
VQA-RAD-no-cot,grok43,Grok 4.3,100,complete,False,65,<answer>projected over the lower neck/upper mediastinum (esophagus)</answer>,projected over the lower neck/upper mediastinum (esophagus),Stomach,False,False,181,1124,0,1305
VQA-RAD-no-cot,grok43,Grok 4.3,100,complete,False,77,<answer>Yes</answer>,Yes,No,False,False,184,823,0,1007
VQA-RAD-no-cot,grok43,Grok 4.3,100,complete,False,84,"<answer>Due to acute pancreatitis (edema, inflammation, peripancreatic stranding)</answer>","Due to acute pancreatitis (edema, inflammation, peripancreatic stranding)",Enlarged,False,False,178,858,0,1036
VQA-RAD-no-cot,grok43,Grok 4.3,100,complete,False,85,<answer>Unable to determine</answer>,Unable to determine,No,False,False,184,1066,0,1250
VQA-RAD-no-cot,grok43,Grok 4.3,100,complete,False,86,<answer>The spleen is enlarged (splenomegaly).</answer>,The spleen is enlarged (splenomegaly).,hypodense lesion,False,False,179,1043,0,1222
VQA-RAD-no-cot,grok43,Grok 4.3,100,complete,False,89,<answer>No</answer>,No,no,True,True,182,1315,0,1497
VQA-RAD-no-cot,grok43,Grok 4.3,100,complete,False,91,<answer>No</answer>,No,No,True,True,181,1030,0,1211
VQA-RAD-no-cot,grok43,Grok 4.3,100,complete,False,94,<answer>No</answer>,No,On the patient's left,False,False,177,689,0,866
VQA-RAD-no-cot,claude48opus,Claude Opus 4.8,100,complete,False,3,<answer>No</answer>,No,No,True,True,95,60,0,155
VQA-RAD-no-cot,claude48opus,Claude Opus 4.8,100,complete,False,6,<answer>No</answer>,No,No,True,True,99,11,0,110
VQA-RAD-no-cot,claude48opus,Claude Opus 4.8,100,complete,False,7,<answer>No</answer>,No,yes,False,False,99,11,0,110
VQA-RAD-no-cot,claude48opus,Claude Opus 4.8,100,complete,False,8,<answer>Yes</answer>,Yes,yes,True,True,91,37,0,128
VQA-RAD-no-cot,claude48opus,Claude Opus 4.8,100,complete,False,19,"I'm unable to analyze the image because no medical image was provided with your question.

To determine which side a lesion is on, I would need to see the actual radiology image. Please upload the image, and I'll be happy to help analyze it and identify the location of any lesion.

<answer>No image was provided for me to analyze. Please share the medical image so I can identify the side of the lesion.</answer>",No image was provided for me to analyze. Please share the medical image so I can identify the side of the lesion.,Right,False,False,85,123,0,208
VQA-RAD-no-cot,claude48opus,Claude Opus 4.8,100,complete,False,25,<answer>Yes</answer>,Yes,Yes,True,True,91,40,0,131
VQA-RAD-no-cot,claude48opus,Claude Opus 4.8,100,complete,False,30,"<answer>This appears to be a T2-weighted MRI sequence, characterized by bright (hyperintense) signal from fluid/cerebrospinal fluid and good contrast for visualizing pathology and edema.</answer>","This appears to be a T2-weighted MRI sequence, characterized by bright (hyperintense) signal from fluid/cerebrospinal fluid and good contrast for visualizing pathology and edema.",T2 weighted MRI,False,False,93,108,0,201
VQA-RAD-no-cot,claude48opus,Claude Opus 4.8,100,complete,False,38,<answer>Yes</answer>,Yes,yes,True,True,92,61,0,153
VQA-RAD-no-cot,claude48opus,Claude Opus 4.8,100,complete,False,42,<answer>Yes</answer>,Yes,No,False,False,92,38,0,130
VQA-RAD-no-cot,claude48opus,Claude Opus 4.8,100,complete,False,44,"I'm not able to see the medical image you're referring to. No image was included with your message.

To help you analyze the lesion's location, please share the radiological image (X-ray, CT, MRI, ultrasound, etc.) you'd like me to examine.

Once you provide the image, I can assist with identifying lesion location, characteristics, and other relevant findings.

<answer>Cannot determine without image</answer>",Cannot determine without image,Right,False,False,93,132,0,225
VQA-RAD-no-cot,claude48opus,Claude Opus 4.8,100,complete,False,45,<answer>right</answer>,right,Both,False,False,105,51,0,156
VQA-RAD-no-cot,claude48opus,Claude Opus 4.8,100,complete,False,46,<answer>No</answer>,No,No,True,True,98,11,0,109
VQA-RAD-no-cot,claude48opus,Claude Opus 4.8,100,complete,False,48,<answer>Bilateral</answer>,Bilateral,Bilateral,True,True,100,15,0,115
VQA-RAD-no-cot,claude48opus,Claude Opus 4.8,100,complete,False,51,<answer>Axial</answer>,Axial,axial,True,True,86,13,0,99
VQA-RAD-no-cot,claude48opus,Claude Opus 4.8,100,complete,False,55,"I'm not able to analyze the image because no medical image appears to have been included in your message.

To help you assess for fat stranding, I'd need you to share the actual radiological image (CT, etc.). Once you provide it, I can offer my analysis.

In general terms, fat stranding refers to:
- Increased hazy attenuation/density in fat tissue
- A reticular or ""dirty fat"" appearance
- Often indicating inflammation, infection, edema, or other pathology in the adjacent tissues

If you can upload the image, I'll be happy to evaluate it and provide an answer in the requested format.

<answer>Cannot determine without image</answer>",Cannot determine without image,No,False,False,90,213,0,303
VQA-RAD-no-cot,claude48opus,Claude Opus 4.8,100,complete,False,58,<answer>No</answer>,No,yes,False,False,97,11,0,108
VQA-RAD-no-cot,claude48opus,Claude Opus 4.8,100,complete,False,59,<answer>Hydrocephalus</answer>,Hydrocephalus,Hydrocephalus,True,True,100,18,0,118
VQA-RAD-no-cot,claude48opus,Claude Opus 4.8,100,complete,False,65,<answer>In the right lung (right hemithorax)</answer>,In the right lung (right hemithorax),Stomach,False,False,88,23,0,111
VQA-RAD-no-cot,claude48opus,Claude Opus 4.8,100,complete,False,77,<answer>Yes</answer>,Yes,No,False,False,92,66,0,158
VQA-RAD-no-cot,claude48opus,Claude Opus 4.8,100,complete,False,84,"I'm unable to analyze the image because no image was provided with your question.

If you can share the radiology image (CT, MRI, ultrasound, etc.), I'd be happy to help interpret the pancreatic abnormality.

Common reasons a pancreas may appear abnormal on imaging include:

<answer>I cannot see an image. Common causes of pancreatic abnormality include: pancreatitis (inflammation with edema/peripancreatic fluid), pancreatic mass/adenocarcinoma, cystic lesions, pancreatic duct dilation, atrophy, or calcifications—but a specific image is needed to determine the cause.</answer>","I cannot see an image. Common causes of pancreatic abnormality include: pancreatitis (inflammation with edema/peripancreatic fluid), pancreatic mass/adenocarcinoma, cystic lesions, pancreatic duct dilation, atrophy, or calcifications—but a specific image is needed to determine the cause.",Enlarged,False,False,89,216,0,305
VQA-RAD-no-cot,claude48opus,Claude Opus 4.8,100,complete,False,85,<answer>No</answer>,No,No,True,True,95,82,0,177
VQA-RAD-no-cot,claude48opus,Claude Opus 4.8,100,complete,False,86,"I'm unable to analyze the image because no image was provided with your question.

If you can share the radiology image (CT, MRI, ultrasound, etc.), I'd be happy to help analyze the spleen and identify any abnormalities such as:

- **Splenomegaly** (enlargement)
- **Splenic lesions** (cysts, masses, hemangiomas, abscesses)
- **Splenic infarcts**
- **Splenic laceration or trauma**
- **Calcifications**
- **Accessory spleen**

<answer>I cannot answer this question because no image was provided. Please share the medical image so I can assess the spleen for abnormalities.</answer>",I cannot answer this question because no image was provided. Please share the medical image so I can assess the spleen for abnormalities.,hypodense lesion,False,False,88,220,0,308
VQA-RAD-no-cot,claude48opus,Claude Opus 4.8,100,complete,False,89,<answer>No</answer>,No,no,True,True,92,104,0,196
VQA-RAD-no-cot,claude48opus,Claude Opus 4.8,100,complete,False,91,"I'm unable to see the medical image you're referring to. To analyze whether a mass is homogeneous, I would need to view the actual radiological image.

However, I can provide guidance on how this is typically assessed:

- **Homogeneous mass**: Uniform density/signal/echogenicity throughout
- **Heterogeneous mass**: Variable density/signal/echogenicity, often indicating necrosis, hemorrhage, calcification, or mixed tissue components

If you can share the image, I'd be happy to provide a proper analysis.

Based on the format requested, if I were analyzing a typical image:

<answer>No</answer>",No,No,True,True,91,209,0,300
VQA-RAD-no-cot,claude48opus,Claude Opus 4.8,100,complete,False,94,"I'm unable to analyze the image because no medical image was actually provided in your message.

To help you determine whether the spleen is present, I would need to see the actual imaging study (such as a CT, MRI, or ultrasound).

If you can share the image, I'll be happy to assess:
- Whether the spleen is visualized
- Its size, shape, and position
- Any abnormalities (e.g., absence, atrophy, splenomegaly, or surgical removal)

Please upload the image and I'll provide a proper analysis.

<answer>Unable to determine — no image was provided for review.</answer>",Unable to determine — no image was provided for review.,On the patient's left,False,False,84,194,0,278
PMC-VQA,gemini35flash,Gemini 3.5 Flash,500,complete,False,13,<answer>D:Left ventricle</answer>,D:Left ventricle,C,False,False,99,10,0,1052
PMC-VQA,gemini35flash,Gemini 3.5 Flash,500,complete,False,24,<answer>B: Carpal Tunnel Syndrome</answer>,B: Carpal Tunnel Syndrome,C,False,False,100,12,0,370
PMC-VQA,gemini35flash,Gemini 3.5 Flash,500,complete,False,29,<answer>D:Left Lateral Lobe</answer>,D:Left Lateral Lobe,C,False,False,108,12,0,1436
PMC-VQA,gemini35flash,Gemini 3.5 Flash,500,complete,False,30,<answer>D</answer>,D,B,False,False,97,7,0,2046
PMC-VQA,gemini35flash,Gemini 3.5 Flash,500,complete,False,35,<answer>B: The detached sliced cartilage from bony annulus</answer>,B: The detached sliced cartilage from bony annulus,B,True,True,117,15,0,1905
PMC-VQA,gemini35flash,Gemini 3.5 Flash,500,complete,False,78,<answer>B: Axial T2WI</answer>,B: Axial T2WI,D,False,False,109,12,0,487
PMC-VQA,gemini35flash,Gemini 3.5 Flash,500,complete,False,102,<answer>A: Reversal of vestibular hydrops</answer>,A: Reversal of vestibular hydrops,B,False,False,112,14,0,1082
PMC-VQA,gemini35flash,Gemini 3.5 Flash,500,complete,False,103,"s look at the image again.
    - The left side of the hoof wall (outer boundary) is indeed steeper/more vertical.
    - The right side of the hoof wall is more sloping/flared.
    - This means Left = Medial, Right = Lateral.
    - Since the lesion is in the left lobe, it is in the Medial lobe","s look at the image again.
    - The left side of the hoof wall (outer boundary) is indeed steeper/more vertical.
    - The right side of the hoof wall is more sloping/flared.
    - This means Left = Medial, Right = Lateral.
    - Since the lesion is in the left lobe, it is in the Medial lobe",B,False,False,107,78,0,2127
PMC-VQA,gemini35flash,Gemini 3.5 Flash,500,complete,False,121,""" or ""dacryoscintigraphy"" ""static images"" ""dynamic images"".
""Dynamic dacryoscintigraphy"" vs ""static dacryoscintigraphy"".
""Dynamic images"" vs ""static images"".
Wait, let's search for: ""Which scan image type provides more accurate information about the patient's left-sided""
Could it be ""left-",""" or ""dacryoscintigraphy"" ""static images"" ""dynamic images"".
""Dynamic dacryoscintigraphy"" vs ""static dacryoscintigraphy"".
""Dynamic images"" vs ""static images"".
Wait, let's search for: ""Which scan image type provides more accurate information about the patient's left-sided""
Could it be ""left-",A,False,False,109,79,0,2129
PMC-VQA,gemini35flash,Gemini 3.5 Flash,500,complete,False,154,<answer>C: Marginal leakage of the gingival wall.</answer>,C: Marginal leakage of the gingival wall.,C,True,True,120,15,0,513
PMC-VQA,gemini35flash,Gemini 3.5 Flash,500,complete,False,177,"<answer>D: Axial T2W FLAIR images, axial DW, axial ADC, and axial T1W with contrast</answer>","D: Axial T2W FLAIR images, axial DW, axial ADC, and axial T1W with contrast",D,True,True,131,29,0,536
PMC-VQA,gemini35flash,Gemini 3.5 Flash,500,complete,False,178,<answer>C: Portal vein branches</answer>,C: Portal vein branches,B,False,False,101,11,0,552
PMC-VQA,gemini35flash,Gemini 3.5 Flash,500,complete,False,180,<answer>B: A left-sided disc protrusion with impingement of the thecal sac.</answer>,B: A left-sided disc protrusion with impingement of the thecal sac.,B,True,True,143,22,0,825
PMC-VQA,gemini35flash,Gemini 3.5 Flash,500,complete,False,187,<answer>A:The location of the aortic dissection</answer>,A:The location of the aortic dissection,A,True,True,110,14,0,546
PMC-VQA,gemini35flash,Gemini 3.5 Flash,500,complete,False,192,<answer>A: growth of the mandible</answer>,A: growth of the mandible,C,False,False,109,12,0,2060
PMC-VQA,gemini35flash,Gemini 3.5 Flash,500,complete,False,204,<answer>A: MRI</answer>,A: MRI,A,True,True,96,9,0,394
PMC-VQA,gemini35flash,Gemini 3.5 Flash,500,complete,False,233,<answer>A:The left ventricle (B).</answer>,A:The left ventricle (B).,A,True,True,112,13,0,1941
PMC-VQA,gemini35flash,Gemini 3.5 Flash,500,complete,False,236,<answer>C: L4/5</answer>,C: L4/5,C,True,True,111,12,0,806
PMC-VQA,gemini35flash,Gemini 3.5 Flash,500,complete,False,341,<answer>C:Microcurette</answer>,C:Microcurette,C,True,True,96,11,0,438
PMC-VQA,gemini35flash,Gemini 3.5 Flash,500,complete,False,384,<answer>B: MRI</answer>,B: MRI,B,True,True,102,9,0,433
PMC-VQA,gemini35flash,Gemini 3.5 Flash,500,complete,False,427,<answer>B:T2-weighted image.</answer>,B:T2-weighted image.,B,True,True,108,12,0,410
PMC-VQA,gemini35flash,Gemini 3.5 Flash,500,complete,False,434,<answer>C: Frontal view</answer>,C: Frontal view,D,False,False,97,11,0,275
PMC-VQA,gemini35flash,Gemini 3.5 Flash,500,complete,False,435,<answer>B:CT scan</answer>,B:CT scan,D,False,False,102,10,0,613
PMC-VQA,gemini35flash,Gemini 3.5 Flash,500,complete,False,461,<answer>C: Myocardial infarction</answer>,C: Myocardial infarction,B,False,False,102,11,0,516
PMC-VQA,gemini35flash,Gemini 3.5 Flash,500,complete,False,477,<answer>A: Left anterolateral abdominal wall</answer>,A: Left anterolateral abdominal wall,B,False,False,113,13,0,618
PMC-VQA,grok43,Grok 4.3,500,complete,False,13,<answer>D:Left ventricle</answer>,D:Left ventricle,C,False,False,221,1888,0,2109
PMC-VQA,grok43,Grok 4.3,500,complete,False,24,<answer>B: Carpal Tunnel Syndrome</answer>,B: Carpal Tunnel Syndrome,C,False,False,222,889,0,1111
PMC-VQA,grok43,Grok 4.3,500,complete,False,29,<answer>D: Left Lateral Lobe</answer>,D: Left Lateral Lobe,C,False,False,230,2018,0,2248
PMC-VQA,grok43,Grok 4.3,500,complete,False,30,<answer>B: Right buccal mucosa</answer>,B: Right buccal mucosa,B,True,True,219,978,0,1197
PMC-VQA,grok43,Grok 4.3,500,complete,False,35,<answer>B: The detached sliced cartilage from bony annulus</answer>,B: The detached sliced cartilage from bony annulus,B,True,True,240,1550,0,1790
PMC-VQA,grok43,Grok 4.3,500,complete,False,78,<answer>B: Axial T2WI</answer>,B: Axial T2WI,D,False,False,231,837,0,1068
PMC-VQA,grok43,Grok 4.3,500,complete,False,102,"<answer>
A: Reversal of vestibular hydrops
</answer>",A: Reversal of vestibular hydrops,B,False,False,232,1906,0,2138
PMC-VQA,grok43,Grok 4.3,500,complete,False,103,<answer>B: Lateral lobe</answer>,B: Lateral lobe,B,True,True,229,881,0,1110
PMC-VQA,grok43,Grok 4.3,500,complete,False,121,<answer>B: Late static images</answer>,B: Late static images,A,False,False,228,2794,0,3022
PMC-VQA,grok43,Grok 4.3,500,complete,False,154,<answer>C: Marginal leakage of the gingival wall.</answer>,C: Marginal leakage of the gingival wall.,C,True,True,241,893,0,1134
PMC-VQA,grok43,Grok 4.3,500,complete,False,177,"<answer>D: Axial T2W FLAIR images, axial DW, axial ADC, and axial T1W with contrast</answer>","D: Axial T2W FLAIR images, axial DW, axial ADC, and axial T1W with contrast",D,True,True,252,592,0,844
PMC-VQA,grok43,Grok 4.3,500,complete,False,178,"<answer>
C: Portal vein branches
</answer>",C: Portal vein branches,B,False,False,223,1686,0,1909
PMC-VQA,grok43,Grok 4.3,500,complete,False,180,<answer>D: A posterior disc protrusion with impingement of the spinal cord.</answer>,D: A posterior disc protrusion with impingement of the spinal cord.,B,False,False,263,2813,0,3076
PMC-VQA,grok43,Grok 4.3,500,complete,False,187,<answer>A: The location of the aortic dissection</answer>,A: The location of the aortic dissection,A,True,True,226,775,0,1001
PMC-VQA,grok43,Grok 4.3,500,complete,False,192,<answer>C: formation of the secondary palate</answer>,C: formation of the secondary palate,C,True,True,231,1220,0,1451
PMC-VQA,grok43,Grok 4.3,500,complete,False,204,<answer>C: CT</answer>,C: CT,A,False,False,217,1735,0,1952
PMC-VQA,grok43,Grok 4.3,500,complete,False,233,<answer>C: The right ventricle (D).</answer>,C: The right ventricle (D).,A,False,False,230,1966,0,2196
PMC-VQA,grok43,Grok 4.3,500,complete,False,236,<answer>C: L4/5</answer>,C: L4/5,C,True,True,230,667,0,897
PMC-VQA,grok43,Grok 4.3,500,complete,False,341,<answer>C: Microcurette</answer>,C: Microcurette,C,True,True,219,405,0,624
PMC-VQA,grok43,Grok 4.3,500,complete,False,384,<answer>B: MRI</answer>,B: MRI,B,True,True,224,869,0,1093
PMC-VQA,grok43,Grok 4.3,500,complete,False,427,<answer>B: T2-weighted image.</answer>,B: T2-weighted image.,B,True,True,226,2288,0,2514
PMC-VQA,grok43,Grok 4.3,500,complete,False,434,<answer>C: Frontal view</answer>,C: Frontal view,D,False,False,219,1015,0,1234
PMC-VQA,grok43,Grok 4.3,500,complete,False,435,<answer>B:CT scan</answer>,B:CT scan,D,False,False,222,1720,0,1942
PMC-VQA,grok43,Grok 4.3,500,complete,False,461,<answer>C: Myocardial infarction</answer>,C: Myocardial infarction,B,False,False,223,1617,0,1840
PMC-VQA,grok43,Grok 4.3,500,complete,False,477,<answer>B: Right anterolateral abdominal wall</answer>,B: Right anterolateral abdominal wall,B,True,True,233,1358,0,1591
PMC-VQA,claude48opus,Claude Opus 4.8,500,complete,False,13,"I'm unable to see the image you're referring to. Could you please share the image so I can help answer the question about which chamber of the heart is shown?

<answer>Unable to determine without viewing the image</answer>",Unable to determine without viewing the image,C,False,False,150,66,0,216
PMC-VQA,claude48opus,Claude Opus 4.8,500,complete,False,24,I'm unable to see the image you're referring to. Could you please share the MRI image so I can help analyze it and answer the question about the suggested diagnosis?,I'm unable to see the image you're referring to. Could you please share the MRI image so I can help analyze it and answer the question about the suggested diagnosis?,C,False,False,159,51,0,210
PMC-VQA,claude48opus,Claude Opus 4.8,500,complete,False,29,"I'm unable to provide an answer because no image was included with your question. To help you identify the lung lobe, I would need to see the actual image you're referring to.

If you can share the image, I'd be happy to help analyze it and identify which lung lobe is shown.","I'm unable to provide an answer because no image was included with your question. To help you identify the lung lobe, I would need to see the actual image you're referring to.

If you can share the image, I'd be happy to help analyze it and identify which lung lobe is shown.",C,False,False,165,82,0,247
PMC-VQA,claude48opus,Claude Opus 4.8,500,complete,False,30,"I'm unable to provide an answer because no image was included with your question. To identify where the lesion was removed from, I would need to see the actual image showing the surgical site or specimen.

Please share the image, and I'll be happy to help analyze it and answer your multiple choice question.","I'm unable to provide an answer because no image was included with your question. To identify where the lesion was removed from, I would need to see the actual image showing the surgical site or specimen.

Please share the image, and I'll be happy to help analyze it and answer your multiple choice question.",B,False,False,151,87,0,238
PMC-VQA,claude48opus,Claude Opus 4.8,500,complete,False,35,<answer>B: The detached sliced cartilage from bony annulus</answer>,B: The detached sliced cartilage from bony annulus,B,True,True,182,28,0,210
PMC-VQA,claude48opus,Claude Opus 4.8,500,complete,False,78,"I'm unable to provide an answer because no image was included with your question. To help you identify the imaging type in panel (b), I would need to see the actual image.

If you can share the image, I'd be happy to help analyze whether it shows:
- **A:** Axial T1WI
- **B:** Axial T2WI
- **C:** Sagittal T1WI
- **D:** Sagittal T2WI

For reference, here's how to distinguish these:
- **Axial vs. Sagittal:** Axial images are horizontal cross-sections (looking up from the feet), while sagittal images are side-view slices (dividing left/right)
- **T1WI vs. T2WI:** On T1-weighted images, fluid (like CSF) appears dark; on T2-weighted images, fluid appears bright

Please upload the image so I can assist you accurately.

<answer>Unable to answer without the image</answer>",Unable to answer without the image,D,False,False,160,293,0,453
PMC-VQA,claude48opus,Claude Opus 4.8,500,complete,False,102,I'm unable to see the image you're referring to. Could you please share the image so I can analyze it and help answer your question about what is observed?,I'm unable to see the image you're referring to. Could you please share the image so I can analyze it and help answer your question about what is observed?,B,False,False,173,43,0,216
PMC-VQA,claude48opus,Claude Opus 4.8,500,complete,False,103,"I'm unable to see the image you're referring to. To answer this question about which part of the deep digital flexor tendon is affected by the lesion, I would need to be able to view the diagnostic image (such as an MRI, ultrasound, or other imaging study).

Could you please ensure the image is properly attached? Once I can see it, I'll be happy to help analyze the lesion location.","I'm unable to see the image you're referring to. To answer this question about which part of the deep digital flexor tendon is affected by the lesion, I would need to be able to view the diagnostic image (such as an MRI, ultrasound, or other imaging study).

Could you please ensure the image is properly attached? Once I can see it, I'll be happy to help analyze the lesion location.",B,False,False,162,122,0,284
PMC-VQA,claude48opus,Claude Opus 4.8,500,complete,False,121,"I'm unable to see the image you're referring to, as no image was provided with your question.

To accurately answer this question about which scan image type provides more accurate information about the patient's left-sided GO (which may refer to gastric emptying, gastrointestinal, or another condition), I would need to:

1. View the actual image(s) being referenced
2. Understand the clinical context

Could you please share the image so I can provide an accurate assessment? Once I can see the scan, I'll be happy to help determine the correct answer from the options provided (Early static images, Late static images, Dynamic images, or Coronal images).","I'm unable to see the image you're referring to, as no image was provided with your question.

To accurately answer this question about which scan image type provides more accurate information about the patient's left-sided GO (which may refer to gastric emptying, gastrointestinal, or another condition), I would need to:

1. View the actual image(s) being referenced
2. Understand the clinical context

Could you please share the image so I can provide an accurate assessment? Once I can see the scan, I'll be happy to help determine the correct answer from the options provided (Early static images, Late static images, Dynamic images, or Coronal images).",A,False,False,156,192,0,348
PMC-VQA,claude48opus,Claude Opus 4.8,500,complete,False,154,"I'm unable to view the image you're referring to, as no image was provided with your question.

To accurately answer this question about marginal leakage location (occlusal, buccal, gingival, or lingual wall), I would need to see the actual dental image showing the specimen and the location of the leakage.

If you could provide the image, I'd be happy to help analyze it and identify which wall is showing marginal leakage.","I'm unable to view the image you're referring to, as no image was provided with your question.

To accurately answer this question about marginal leakage location (occlusal, buccal, gingival, or lingual wall), I would need to see the actual dental image showing the specimen and the location of the leakage.

If you could provide the image, I'd be happy to help analyze it and identify which wall is showing marginal leakage.",C,False,False,182,128,0,310
PMC-VQA,claude48opus,Claude Opus 4.8,500,complete,False,177,"<answer>D: Axial T2W FLAIR images, axial DW, axial ADC, and axial T1W with contrast</answer>","D: Axial T2W FLAIR images, axial DW, axial ADC, and axial T1W with contrast",D,True,True,193,46,0,239
PMC-VQA,claude48opus,Claude Opus 4.8,500,complete,False,178,"I'm unable to view the image you're referring to, as no image was provided in our conversation.

To answer this question about anatomical orientation shown in red, I would need to see the actual image. The options suggest this is likely a fluorescence microscopy or immunohistochemistry image showing:

- **A: Lyve-1 signal** (a lymphatic vessel marker)
- **B: AF signal** (autofluorescence)
- **C: Portal vein branches** (vascular structures)
- **D: Bile ducts** (biliary structures)

If you can provide or describe the image, I'd be happy to help you determine the correct answer.

<answer>A: Lyve-1 signal</answer>",A: Lyve-1 signal,B,False,False,153,224,0,377
PMC-VQA,claude48opus,Claude Opus 4.8,500,complete,False,180,"I'm unable to view the actual MRI image you're referring to, as no image was provided in our conversation.

To accurately answer this question, I would need to see the MRI scan to identify:
- The location of the disc protrusion (right, left, anterior, or posterior)
- What structure is being impinged (thecal sac or spinal cord)

If you can share the image, I'd be happy to help analyze it and provide an answer based on the visible pathology.

<answer>Unable to determine without viewing the image</answer>",Unable to determine without viewing the image,B,False,False,218,164,0,382
PMC-VQA,claude48opus,Claude Opus 4.8,500,complete,False,187,<answer>A:The location of the aortic dissection</answer>,A:The location of the aortic dissection,A,True,True,158,64,0,222
PMC-VQA,claude48opus,Claude Opus 4.8,500,complete,False,192,"I'm unable to see the image you're referring to. Without being able to view image A and the location of the green arrow, I cannot accurately determine what anatomical structure or developmental process is being indicated.

If you could describe what's shown in the image or provide additional context about the arrow's location, I'd be happy to help you reason through the answer.

<answer>C: formation of the secondary palate</answer>",C: formation of the secondary palate,C,True,True,158,125,0,283
PMC-VQA,claude48opus,Claude Opus 4.8,500,complete,False,204,"I don't see an image attached to your question. Could you please share the medical image you'd like me to analyze? Once you provide it, I'll be able to identify the imaging technique used (MRI, PET, CT, or X-ray) based on the visual characteristics.","I don't see an image attached to your question. Could you please share the medical image you'd like me to analyze? Once you provide it, I'll be able to identify the imaging technique used (MRI, PET, CT, or X-ray) based on the visual characteristics.",A,False,False,137,163,0,300
PMC-VQA,claude48opus,Claude Opus 4.8,500,complete,False,233,"I'm unable to provide an analysis of this image, as no image was included with your question.

To accurately answer a question about which cardiac chamber is being imaged, I would need to see the actual echocardiogram, MRI, CT, or other cardiac imaging study, along with any labeled anatomical structures or markers.

If you can share the image, I'd be happy to help identify the cardiac chamber and explain the relevant anatomical features that support that identification.","I'm unable to provide an analysis of this image, as no image was included with your question.

To accurately answer a question about which cardiac chamber is being imaged, I would need to see the actual echocardiogram, MRI, CT, or other cardiac imaging study, along with any labeled anatomical structures or markers.

If you can share the image, I'd be happy to help identify the cardiac chamber and explain the relevant anatomical features that support that identification.",A,False,False,160,144,0,304
PMC-VQA,claude48opus,Claude Opus 4.8,500,complete,False,236,"I'm unable to answer this question because no image was provided with your message. To identify which disc was affected in ""case 2 on the first admission,"" I would need to see the relevant medical imaging or case documentation.

If you can share the image or the clinical details from the case, I'd be happy to help interpret the information and assist with your question.","I'm unable to answer this question because no image was provided with your message. To identify which disc was affected in ""case 2 on the first admission,"" I would need to see the relevant medical imaging or case documentation.

If you can share the image or the clinical details from the case, I'd be happy to help interpret the information and assist with your question.",C,False,False,148,100,0,248
PMC-VQA,claude48opus,Claude Opus 4.8,500,complete,False,341,<answer>C:Microcurette</answer>,C:Microcurette,C,True,True,141,17,0,158
PMC-VQA,claude48opus,Claude Opus 4.8,500,complete,False,384,"I'm unable to provide an answer because no image was included with your question. Without seeing the actual imaging study, I cannot determine which technique was used to detect the mass.

If you can share the image, I'd be happy to help analyze its characteristics and identify the imaging modality based on visual features such as:

- **X-ray**: Shows bones clearly, limited soft tissue detail
- **MRI**: Excellent soft tissue contrast, multiple sequences possible
- **CT scan**: Cross-sectional, good for bone and soft tissue
- **Ultrasound**: Real-time, shows echogenicity, often with measurement markers

Please upload the image so I can assist you properly.","I'm unable to provide an answer because no image was included with your question. Without seeing the actual imaging study, I cannot determine which technique was used to detect the mass.

If you can share the image, I'd be happy to help analyze its characteristics and identify the imaging modality based on visual features such as:

- **X-ray**: Shows bones clearly, limited soft tissue detail
- **MRI**: Excellent soft tissue contrast, multiple sequences possible
- **CT scan**: Cross-sectional, good for bone and soft tissue
- **Ultrasound**: Real-time, shows echogenicity, often with measurement markers

Please upload the image so I can assist you properly.",B,False,False,151,224,0,375
PMC-VQA,claude48opus,Claude Opus 4.8,500,complete,False,427,"I'm unable to provide an answer because no image was included with your question. To determine the MRI sequence type, I would need to see the actual image and analyze features such as:

- **CSF signal** (bright on T2, dark on T1)
- **Gray/white matter contrast**
- **Fat signal characteristics**
- **Overall image appearance and any diffusion/perfusion mapping**

Please upload the MRI image, and I'll be happy to help identify the sequence type.","I'm unable to provide an answer because no image was included with your question. To determine the MRI sequence type, I would need to see the actual image and analyze features such as:

- **CSF signal** (bright on T2, dark on T1)
- **Gray/white matter contrast**
- **Fat signal characteristics**
- **Overall image appearance and any diffusion/perfusion mapping**

Please upload the MRI image, and I'll be happy to help identify the sequence type.",B,False,False,158,153,0,311
PMC-VQA,claude48opus,Claude Opus 4.8,500,complete,False,434,"I'm unable to provide an answer because no image was included with your question. Please share the image, and I'll be happy to help identify the view shown.","I'm unable to provide an answer because no image was included with your question. Please share the image, and I'll be happy to help identify the view shown.",D,False,False,141,44,0,185
PMC-VQA,claude48opus,Claude Opus 4.8,500,complete,False,435,"I'm unable to provide an answer because no image was included with your question. To determine the imaging technique, I would need to see the actual image.

If you can share the image, I'd be happy to help identify whether it shows characteristics of MRI, CT, X-ray, or ultrasound based on visual features like:

- **MRI**: Detailed soft tissue contrast, often with different sequences
- **CT**: Cross-sectional grayscale images, good bone/tissue detail
- **X-ray**: 2D projection images, bones appear white
- **Ultrasound**: Grainy texture, fan-shaped field, real-time soft tissue

Please upload the image so I can assist you accurately.

<answer>Unable to answer without the image</answer>",Unable to answer without the image,D,False,False,150,241,0,391
PMC-VQA,claude48opus,Claude Opus 4.8,500,complete,False,461,"I'm unable to provide a diagnosis because no image or caption was actually provided with this question. To answer accurately, I would need to see the medical image and read the accompanying caption description.

If you can share the image and its caption, I'd be happy to help analyze the findings and select the most appropriate answer from the options provided (Arthritis, Neuritis, Myocardial infarction, or Pneumonia).","I'm unable to provide a diagnosis because no image or caption was actually provided with this question. To answer accurately, I would need to see the medical image and read the accompanying caption description.

If you can share the image and its caption, I'd be happy to help analyze the findings and select the most appropriate answer from the options provided (Arthritis, Neuritis, Myocardial infarction, or Pneumonia).",B,False,False,156,129,0,285
PMC-VQA,claude48opus,Claude Opus 4.8,500,complete,False,477,"I'm unable to view the PET-CT image you're referring to, as no image was provided with your question.

To accurately identify the location of the TCC (transitional cell carcinoma) recurrence, I would need to see the actual PET-CT scan showing the area of increased radiotracer uptake.

If you can share the image, I'd be happy to help analyze it and identify the correct anatomical location of the recurrence.

<answer>Unable to determine without the image</answer>",Unable to determine without the image,B,False,False,184,150,0,334
OmniVQA,gemini35flash,Gemini 3.5 Flash,524,complete,False,26,<answer>B. Angiography</answer>,B. Angiography,x_ray.,False,False,95,11,0,306
OmniVQA,gemini35flash,Gemini 3.5 Flash,524,complete,False,49,<answer>C. Macular Hole (MH)</answer>,C. Macular Hole (MH),Macular Hole (MH),True,True,102,13,0,277
OmniVQA,gemini35flash,Gemini 3.5 Flash,524,complete,False,59,<answer>B. Dermoscopy</answer>,B. Dermoscopy,Dermoscopy,False,True,92,10,0,319
OmniVQA,gemini35flash,Gemini 3.5 Flash,524,complete,False,60,<answer>B. Benign</answer>,B. Benign,Benign image.,True,True,85,10,0,1051
OmniVQA,gemini35flash,Gemini 3.5 Flash,524,complete,False,70,<answer>B. Respiratory system</answer>,B. Respiratory system,Skin,False,False,90,10,0,246
OmniVQA,gemini35flash,Gemini 3.5 Flash,524,complete,False,156,<answer>C. Laser spots</answer>,C. Laser spots,Laser spots,True,True,95,10,0,394
OmniVQA,gemini35flash,Gemini 3.5 Flash,524,complete,False,201,<answer>A. Macula</answer>,A. Macula,Retinal pigmented epithelium (RPE),False,False,95,10,0,627
OmniVQA,gemini35flash,Gemini 3.5 Flash,524,complete,False,204,<answer>B. Lens</answer>,B. Lens,Retinal pigmented epithelium (RPE),False,False,95,9,0,444
OmniVQA,gemini35flash,Gemini 3.5 Flash,524,complete,False,206,<answer>D. Cobblestone cells</answer>,D. Cobblestone cells,Cobblestone cells,False,True,96,12,0,284
OmniVQA,gemini35flash,Gemini 3.5 Flash,524,complete,False,207,<answer>A. Cobblestone cells</answer>,A. Cobblestone cells,Cobblestone cells,False,True,100,12,0,312
OmniVQA,gemini35flash,Gemini 3.5 Flash,524,complete,False,243,<answer>C. Choroidal Neovascularization (CNV)</answer>,C. Choroidal Neovascularization (CNV),Choroidal Neovascularization (CNV),True,True,103,16,0,614
OmniVQA,gemini35flash,Gemini 3.5 Flash,524,complete,False,252,<answer>C. MRI.</answer>,C. MRI.,x_ray.,False,False,94,9,0,281
OmniVQA,gemini35flash,Gemini 3.5 Flash,524,complete,False,306,<answer>C. Cancer cells</answer>,C. Cancer cells,Cancer cells,True,True,89,10,0,609
OmniVQA,gemini35flash,Gemini 3.5 Flash,524,complete,False,308,<answer>D. Virus particles</answer>,D. Virus particles,Cancer cells,False,False,89,10,0,436
OmniVQA,gemini35flash,Gemini 3.5 Flash,524,complete,False,338,<answer>C. MRI</answer>,C. MRI,X-ray,False,False,92,9,0,299
OmniVQA,gemini35flash,Gemini 3.5 Flash,524,complete,False,354,<answer>C. Dermoscopic imaging</answer>,C. Dermoscopic imaging,Dermoscopic imaging,False,True,94,11,0,334
OmniVQA,gemini35flash,Gemini 3.5 Flash,524,complete,False,357,<answer>A. Melanocytic nevus</answer>,A. Melanocytic nevus,Melanocytic nevus,True,True,92,12,0,360
OmniVQA,gemini35flash,Gemini 3.5 Flash,524,complete,False,361,<answer>C. X-ray</answer>,C. X-ray,X-ray,True,True,91,11,0,299
OmniVQA,gemini35flash,Gemini 3.5 Flash,524,complete,False,375,<answer>D. histopathology</answer>,D. histopathology,histopathology.,False,True,92,10,0,263
OmniVQA,gemini35flash,Gemini 3.5 Flash,524,complete,False,384,<answer>A. Malignant breast histopathology.</answer>,A. Malignant breast histopathology.,Malignant breast histopathology.,True,True,103,13,0,2055
OmniVQA,gemini35flash,Gemini 3.5 Flash,524,complete,False,409,<answer>A. Moderate diabetic retinopathy.</answer>,A. Moderate diabetic retinopathy.,Moderate diabetic retinopathy.,True,True,98,11,0,676
OmniVQA,gemini35flash,Gemini 3.5 Flash,524,complete,False,445,<answer>A. Basal cell carcinoma of the skin</answer>,A. Basal cell carcinoma of the skin,Colorectal adenocarcinoma epithelium,False,False,108,15,0,463
OmniVQA,gemini35flash,Gemini 3.5 Flash,524,complete,False,466,<answer>A. Mesothelioma of the pleura</answer>,A. Mesothelioma of the pleura,Adenocarcinoma of the left lower lobe,True,True,112,14,0,673
OmniVQA,gemini35flash,Gemini 3.5 Flash,524,complete,False,472,<answer>A. Color fundus photography</answer>,A. Color fundus photography,Color fundus photography,False,True,99,12,0,224
OmniVQA,gemini35flash,Gemini 3.5 Flash,524,complete,False,520,<answer>B. Yes</answer>,B. Yes,Yes,True,True,87,9,0,321
OmniVQA,grok43,Grok 4.3,524,complete,False,26,"<answer>
A. x_ray.
</answer>",A. x_ray.,x_ray.,True,True,216,1075,0,1291
OmniVQA,grok43,Grok 4.3,524,complete,False,49,<answer>C. Macular Hole (MH)</answer>,C. Macular Hole (MH),Macular Hole (MH),True,True,224,1953,0,2177
OmniVQA,grok43,Grok 4.3,524,complete,False,59,<answer>B. Dermoscopy</answer>,B. Dermoscopy,Dermoscopy,False,True,214,1533,0,1747
OmniVQA,grok43,Grok 4.3,524,complete,False,60,<answer>B. Benign image.</answer>,B. Benign image.,Benign image.,True,True,206,1874,0,2080
OmniVQA,grok43,Grok 4.3,524,complete,False,70,<answer>B. Respiratory system</answer>,B. Respiratory system,Skin,False,False,214,1489,0,1703
OmniVQA,grok43,Grok 4.3,524,complete,False,156,<answer>C. Laser spots</answer>,C. Laser spots,Laser spots,True,True,217,636,0,853
OmniVQA,grok43,Grok 4.3,524,complete,False,201,<answer>B. Retinal pigmented epithelium (RPE)</answer>,B. Retinal pigmented epithelium (RPE),Retinal pigmented epithelium (RPE),True,True,218,1713,0,1931
OmniVQA,grok43,Grok 4.3,524,complete,False,204,"<answer>
C. Retinal pigmented epithelium (RPE)
</answer>",C. Retinal pigmented epithelium (RPE),Retinal pigmented epithelium (RPE),True,True,217,975,0,1192
OmniVQA,grok43,Grok 4.3,524,complete,False,206,<answer>D. Cobblestone cells</answer>,D. Cobblestone cells,Cobblestone cells,False,True,218,677,0,895
OmniVQA,grok43,Grok 4.3,524,complete,False,207,<answer>D. Hexagonal cells</answer>,D. Hexagonal cells,Cobblestone cells,False,False,220,542,0,762
OmniVQA,grok43,Grok 4.3,524,complete,False,243,<answer>C. Choroidal Neovascularization (CNV)</answer>,C. Choroidal Neovascularization (CNV),Choroidal Neovascularization (CNV),True,True,225,1159,0,1384
OmniVQA,grok43,Grok 4.3,524,complete,False,252,<answer>D. x_ray</answer>,D. x_ray,x_ray.,False,True,215,1983,0,2198
OmniVQA,grok43,Grok 4.3,524,complete,False,306,<answer>C. Cancer cells</answer>,C. Cancer cells,Cancer cells,True,True,212,673,0,885
OmniVQA,grok43,Grok 4.3,524,complete,False,308,<answer>D. Virus particles</answer>,D. Virus particles,Cancer cells,False,False,212,959,0,1171
OmniVQA,grok43,Grok 4.3,524,complete,False,338,<answer>D. Ultrasound</answer>,D. Ultrasound,X-ray,False,False,214,2312,0,2526
OmniVQA,grok43,Grok 4.3,524,complete,False,354,<answer>C. Dermoscopic imaging</answer>,C. Dermoscopic imaging,Dermoscopic imaging,False,True,217,715,0,932
OmniVQA,grok43,Grok 4.3,524,complete,False,357,<answer>A. Melanocytic nevus</answer>,A. Melanocytic nevus,Melanocytic nevus,True,True,216,1859,0,2075
OmniVQA,grok43,Grok 4.3,524,complete,False,361,<answer>C. X-ray</answer>,C. X-ray,X-ray,True,True,213,1200,0,1413
OmniVQA,grok43,Grok 4.3,524,complete,False,375,<answer>A. Endoscopy</answer>,A. Endoscopy,histopathology.,False,False,214,1574,0,1788
OmniVQA,grok43,Grok 4.3,524,complete,False,384,<answer>A. Malignant breast histopathology.</answer>,A. Malignant breast histopathology.,Malignant breast histopathology.,True,True,223,2055,0,2278
OmniVQA,grok43,Grok 4.3,524,complete,False,409,<answer>D. Mild diabetic retinopathy.</answer>,D. Mild diabetic retinopathy.,Moderate diabetic retinopathy.,False,False,220,1300,0,1520
OmniVQA,grok43,Grok 4.3,524,complete,False,445,"<answer>
D. Colorectal adenocarcinoma epithelium
</answer>",D. Colorectal adenocarcinoma epithelium,Colorectal adenocarcinoma epithelium,False,True,228,1205,0,1433
OmniVQA,grok43,Grok 4.3,524,complete,False,466,<answer>C. Adenocarcinoma of the left lower lobe</answer>,C. Adenocarcinoma of the left lower lobe,Adenocarcinoma of the left lower lobe,False,True,234,1788,0,2022
OmniVQA,grok43,Grok 4.3,524,complete,False,472,<answer>A. Color fundus photography</answer>,A. Color fundus photography,Color fundus photography,False,True,219,668,0,887
OmniVQA,grok43,Grok 4.3,524,complete,False,520,"<answer>
A. No
</answer>",A. No,Yes,False,False,209,776,0,985
OmniVQA,claude48opus,Claude Opus 4.8,524,complete,False,26,"I'm unable to see the image you're referring to. Could you please share the image so I can help answer the question?

<answer>A. x_ray</answer>",A. x_ray,x_ray.,False,True,149,48,0,197
OmniVQA,claude48opus,Claude Opus 4.8,524,complete,False,49,"I'm unable to see the image you're referring to. Could you please share the image so I can help identify the anomaly?

<answer>C. Macular Hole (MH)</answer>",C. Macular Hole (MH),Macular Hole (MH),True,True,161,57,0,218
OmniVQA,claude48opus,Claude Opus 4.8,524,complete,False,59,<answer>B. Dermoscopy</answer>,B. Dermoscopy,Dermoscopy,False,True,142,19,0,161
OmniVQA,claude48opus,Claude Opus 4.8,524,complete,False,60,"I'm not able to provide a diagnosis of whether an abnormality is benign or malignant based on this image.

Determining malignancy requires comprehensive clinical evaluation including histopathological examination (biopsy), correlation with patient history, additional imaging studies, and assessment by qualified radiologists and pathologists. Making such a determination from a single image alone would be medically inappropriate and potentially harmful.

I'd strongly encourage consulting with a qualified healthcare provider who can properly evaluate this image in its full clinical context and order any necessary follow-up testing.

If this is for educational purposes, I'd recommend reviewing the case with your instructor or referencing the established diagnostic criteria along with the confirmed pathology results.","I'm not able to provide a diagnosis of whether an abnormality is benign or malignant based on this image.

Determining malignancy requires comprehensive clinical evaluation including histopathological examination (biopsy), correlation with patient history, additional imaging studies, and assessment by qualified radiologists and pathologists. Making such a determination from a single image alone would be medically inappropriate and potentially harmful.

I'd strongly encourage consulting with a qualified healthcare provider who can properly evaluate this image in its full clinical context and order any necessary follow-up testing.

If this is for educational purposes, I'd recommend reviewing the case with your instructor or referencing the established diagnostic criteria along with the confirmed pathology results.",Benign image.,False,False,129,242,0,371
OmniVQA,claude48opus,Claude Opus 4.8,524,complete,False,70,"I'm sorry, but no image was provided with your question. Could you please share the image so I can help identify the anatomical structure it represents?","I'm sorry, but no image was provided with your question. Could you please share the image so I can help identify the anatomical structure it represents?",Skin,False,False,139,43,0,182
OmniVQA,claude48opus,Claude Opus 4.8,524,complete,False,156,"I'm not able to see the actual fundus image you're referring to—no image was included in your message.

To help you identify the abnormality, here's a brief guide to distinguish these options:

- **A. Macular degeneration** – Drusen deposits, pigmentary changes in the macula
- **B. Cataracts** – Note: cataracts are a *lens* opacity, typically not assessed via fundus imaging
- **C. Laser spots** – Round, well-demarcated scars (often from panretinal photocoagulation), usually in a scattered pattern in the peripheral retina
- **D. Choroidal neovascularization** – Subretinal fluid, hemorrhage, or grayish-green membrane near the macula

If you can share the image or describe its features, I'd be happy to help you determine the correct answer.

<answer>C. Laser spots</answer>",C. Laser spots,Laser spots,True,True,146,279,0,425
OmniVQA,claude48opus,Claude Opus 4.8,524,complete,False,201,"I'm unable to see the image you're referring to. Could you please share the image so I can help you answer the question?

<answer>A. Macula</answer>",A. Macula,Retinal pigmented epithelium (RPE),False,False,144,48,0,192
OmniVQA,claude48opus,Claude Opus 4.8,524,complete,False,204,"I'm unable to see the image you're referring to. Could you please share the image so I can help you identify what's depicted?

<answer>C. Retinal pigmented epithelium (RPE)</answer>",C. Retinal pigmented epithelium (RPE),Retinal pigmented epithelium (RPE),True,True,146,65,0,211
OmniVQA,claude48opus,Claude Opus 4.8,524,complete,False,206,"I'm unable to see the photograph you're referring to, as no image was provided with your question.

To help you identify the correct answer, I'd need to either:
- View the actual image of the cells
- Have you describe what the cells look like

That said, I can offer some general context about these morphology types:

- **Cobblestone cells** (D) - Often describes epithelial cells or endothelial cells that grow in a tightly packed, polygonal pattern resembling cobblestones. This is common for confluent epithelial/endothelial cell cultures.
- **Round/Spherical cells** (A/C) - Often seen in suspension cells, certain immune cells, or detached/dying cells.
- **Triangular cells** (B) - Less common morphological description.

If you can share the image or describe the cellular appearance, I'd be happy to help you determine the correct answer.","I'm unable to see the photograph you're referring to, as no image was provided with your question.

To help you identify the correct answer, I'd need to either:
- View the actual image of the cells
- Have you describe what the cells look like

That said, I can offer some general context about these morphology types:

- **Cobblestone cells** (D) - Often describes epithelial cells or endothelial cells that grow in a tightly packed, polygonal pattern resembling cobblestones. This is common for confluent epithelial/endothelial cell cultures.
- **Round/Spherical cells** (A/C) - Often seen in suspension cells, certain immune cells, or detached/dying cells.
- **Triangular cells** (B) - Less common morphological description.

If you can share the image or describe the cellular appearance, I'd be happy to help you determine the correct answer.",Cobblestone cells,False,True,148,275,0,423
OmniVQA,claude48opus,Claude Opus 4.8,524,complete,False,207,"I'm sorry, but I can't see the photograph you're referring to. No image was provided with your question.

To help you accurately, I would need to see the actual photograph showing the cells in question.

If you can share the image, I'd be happy to analyze the cell morphology and identify whether they appear as cobblestone, diamond-shaped, star-shaped, or hexagonal cells.","I'm sorry, but I can't see the photograph you're referring to. No image was provided with your question.

To help you accurately, I would need to see the actual photograph showing the cells in question.

If you can share the image, I'd be happy to analyze the cell morphology and identify whether they appear as cobblestone, diamond-shaped, star-shaped, or hexagonal cells.",Cobblestone cells,False,False,158,122,0,280
OmniVQA,claude48opus,Claude Opus 4.8,524,complete,False,243,<answer>C. Choroidal Neovascularization (CNV)</answer>,C. Choroidal Neovascularization (CNV),Choroidal Neovascularization (CNV),True,True,158,57,0,215
OmniVQA,claude48opus,Claude Opus 4.8,524,complete,False,252,I'm unable to see the image you're referring to. Could you please share the image so I can help analyze it and answer the question about the imaging technique?,I'm unable to see the image you're referring to. Could you please share the image so I can help analyze it and answer the question about the imaging technique?,x_ray.,False,False,144,45,0,189
OmniVQA,claude48opus,Claude Opus 4.8,524,complete,False,306,"I'm unable to see the image you're referring to. Could you please share the image so I can help answer the question?

<answer>C. Cancer cells</answer>",C. Cancer cells,Cancer cells,True,True,137,50,0,187
OmniVQA,claude48opus,Claude Opus 4.8,524,complete,False,308,"I'm unable to see any image in our conversation. Could you please share the image you'd like me to analyze? Once you provide it, I'll be happy to help identify the content and answer the multiple choice question.","I'm unable to see any image in our conversation. Could you please share the image you'd like me to analyze? Once you provide it, I'll be happy to help identify the content and answer the multiple choice question.",Cancer cells,False,False,135,64,0,199
OmniVQA,claude48opus,Claude Opus 4.8,524,complete,False,338,<answer>A. X-ray</answer>,A. X-ray,X-ray,True,True,141,139,0,280
OmniVQA,claude48opus,Claude Opus 4.8,524,complete,False,354,<answer>C. Dermoscopic imaging</answer>,C. Dermoscopic imaging,Dermoscopic imaging,False,True,154,43,0,197
OmniVQA,claude48opus,Claude Opus 4.8,524,complete,False,357,"I'm unable to view or analyze the image you're referring to, as no image was provided in our conversation.

To help you identify the skin abnormality, I'd need you to either:
1. Share the actual image, or
2. Describe the visual characteristics you observe

Here's a quick reference for the options to help you identify it yourself:

- **A. Melanocytic nevus** - A mole; typically a small, well-defined brown or black spot
- **B. Hives (urticaria)** - Raised, itchy welts that may be red or skin-colored, often blanching
- **C. Acne** - Comedones (blackheads/whiteheads), papules, pustules, often on face/back
- **D. Rosacea** - Persistent facial redness, often with visible blood vessels and bumps, typically on cheeks/nose

If you can share the image or describe what you see, I'd be happy to help you determine the correct answer.","I'm unable to view or analyze the image you're referring to, as no image was provided in our conversation.

To help you identify the skin abnormality, I'd need you to either:
1. Share the actual image, or
2. Describe the visual characteristics you observe

Here's a quick reference for the options to help you identify it yourself:

- **A. Melanocytic nevus** - A mole; typically a small, well-defined brown or black spot
- **B. Hives (urticaria)** - Raised, itchy welts that may be red or skin-colored, often blanching
- **C. Acne** - Comedones (blackheads/whiteheads), papules, pustules, often on face/back
- **D. Rosacea** - Persistent facial redness, often with visible blood vessels and bumps, typically on cheeks/nose

If you can share the image or describe what you see, I'd be happy to help you determine the correct answer.",Melanocytic nevus,False,True,141,293,0,434
OmniVQA,claude48opus,Claude Opus 4.8,524,complete,False,361,"I'm unable to provide an answer because no image was included with your question. Please share the image you'd like me to analyze, and I'll be happy to help identify the imaging modality used.","I'm unable to provide an answer because no image was included with your question. Please share the image you'd like me to analyze, and I'll be happy to help identify the imaging modality used.",X-ray,False,False,135,56,0,191
OmniVQA,claude48opus,Claude Opus 4.8,524,complete,False,375,<answer>A. Endoscopy</answer>,A. Endoscopy,histopathology.,False,False,141,18,0,159
OmniVQA,claude48opus,Claude Opus 4.8,524,complete,False,384,"I'm unable to see the image you're referring to, as no image was provided with your message.

If you can share the histopathology image, I'd be happy to help analyze it and identify which option best describes what it depicts.

<answer>A. Malignant breast histopathology.</answer>",A. Malignant breast histopathology.,Malignant breast histopathology.,True,True,161,87,0,248
OmniVQA,claude48opus,Claude Opus 4.8,524,complete,False,409,"I'm unable to provide an answer because no image was included with your question. To identify a specific retinal abnormality, I would need to see the fundus photograph or retinal image you're referring to.

If you can share the image, I'd be happy to help analyze the visible features and assist with the question.","I'm unable to provide an answer because no image was included with your question. To identify a specific retinal abnormality, I would need to see the fundus photograph or retinal image you're referring to.

If you can share the image, I'd be happy to help analyze the visible features and assist with the question.",Moderate diabetic retinopathy.,False,False,166,89,0,255
OmniVQA,claude48opus,Claude Opus 4.8,524,complete,False,445,"I'm unable to view or analyze the image you're referring to, as no image was provided in your message.

If you can share the image, I'd be happy to help analyze the histological or clinical features to assist with answering this multiple choice question about the tissue or anomaly shown.","I'm unable to view or analyze the image you're referring to, as no image was provided in your message.

If you can share the image, I'd be happy to help analyze the histological or clinical features to assist with answering this multiple choice question about the tissue or anomaly shown.",Colorectal adenocarcinoma epithelium,False,False,179,84,0,263
OmniVQA,claude48opus,Claude Opus 4.8,524,complete,False,466,"I'm unable to see the image you're referring to. No image was provided with your question.

To accurately answer a question about cancer seen in a medical image (such as a chest X-ray or CT scan), I would need to see the actual image to evaluate features like:

- Location of the mass (which lobe, pleura, or mediastinum)
- Characteristics suggesting the cancer type
- Associated findings (pleural thickening, effusion, lymphadenopathy, etc.)

If you can share the image, I'd be happy to help analyze it and provide my assessment of the most likely answer.","I'm unable to see the image you're referring to. No image was provided with your question.

To accurately answer a question about cancer seen in a medical image (such as a chest X-ray or CT scan), I would need to see the actual image to evaluate features like:

- Location of the mass (which lobe, pleura, or mediastinum)
- Characteristics suggesting the cancer type
- Associated findings (pleural thickening, effusion, lymphadenopathy, etc.)

If you can share the image, I'd be happy to help analyze it and provide my assessment of the most likely answer.",Adenocarcinoma of the left lower lobe,False,False,181,187,0,368
OmniVQA,claude48opus,Claude Opus 4.8,524,complete,False,472,<answer>A. Color fundus photography</answer>,A. Color fundus photography,Color fundus photography,False,True,151,36,0,187
OmniVQA,claude48opus,Claude Opus 4.8,524,complete,False,520,"I'm not able to view or analyze the actual CT scan image, as no image appears to have been successfully shared with me in a format I can process.

To responsibly answer a question about whether COVID-19 is indicated in a chest CT scan, a radiologist would typically look for findings such as:
- Bilateral ground-glass opacities (often peripheral/subpleural)
- Crazy-paving pattern
- Consolidation in later stages
- Predominantly lower lobe and posterior distribution

However, these findings are not specific to COVID-19 and can appear in other viral pneumonias and conditions. Definitive diagnosis requires clinical correlation and laboratory testing (RT-PCR).

I'm unable to provide a reliable answer without being able to examine the actual image. I'd recommend consulting a qualified radiologist for proper interpretation.

<answer>A. No</answer>",A. No,Yes,False,False,130,290,0,420
